subj_id,Status,Started.at,Completed.at,Reviewed.at,Archived.at,Time.taken,Completion.code,Total.approvals,Age,Sex,Ethnicity.simplified,Country.of.birth,Country.of.residence,Nationality,Language,Student.status,Employment.status
270441,APPROVED,2023-02-22T16:19:14.786000Z,2023-02-22T16:28:35.870000Z,2023-02-26T08:33:24.829000,2023-02-22T16:28:36.366022Z,562,3092805E,529,34,Male,White,United Kingdom,United Kingdom,United Kingdom,English,DATA_EXPIRED,DATA_EXPIRED
269621,APPROVED,2023-02-21T14:13:01.311000Z,2023-02-21T14:21:32.794000Z,2023-02-22T10:04:59.794000,2023-02-21T14:21:34.650515Z,512,3092805E,724,37,Female,White,United Kingdom,United Kingdom,United Kingdom,English,No,Part-Time
269343,APPROVED,2023-02-20T19:38:09.970000Z,2023-02-20T19:48:15.184000Z,2023-02-21T07:10:28.465000,2023-02-20T19:48:15.499963Z,606,3092805E,2714,34,Female,White,United Kingdom,United Kingdom,United Kingdom,English,No,Full-Time
269322,APPROVED,2023-02-20T18:42:05.961000Z,2023-02-20T18:52:42.037000Z,2023-02-20T19:39:56.947000,2023-02-20T18:52:42.407002Z,637,3092805E,1176,40,Female,White,United Kingdom,United Kingdom,United Kingdom,English,DATA_EXPIRED,DATA_EXPIRED
269312,APPROVED,2023-02-20T18:29:06.092000Z,2023-02-20T18:44:33.693000Z,2023-02-20T19:39:56.376000,2023-02-20T18:44:34.077616Z,928,3092805E,234,39,Female,Mixed,United Kingdom,United Kingdom,United Kingdom,English,Yes,"Not in paid work (e.g. homemaker', 'retired or disabled)"
269347,APPROVED,2023-02-20T19:39:27.489000Z,2023-02-20T19:52:26.501000Z,2023-02-21T07:10:28.700000,2023-02-20T19:52:26.907962Z,780,3092805E,822,30,Female,White,United Kingdom,United Kingdom,United Kingdom,English,No,Full-Time
269472,APPROVED,2023-02-21T08:38:57.890000Z,2023-02-21T08:47:34.830000Z,2023-02-21T09:15:03.490000,2023-02-21T08:47:35.216297Z,517,3092805E,1322,38,Female,White,United Kingdom,United Kingdom,United Kingdom,English,No,"Not in paid work (e.g. homemaker', 'retired or disabled)"
270460,APPROVED,2023-02-22T17:30:22.508000Z,2023-02-22T17:50:55.560000Z,2023-02-26T08:33:25.035000,2023-02-22T17:50:55.977620Z,1234,3092805E,1117,36,Female,White,United Kingdom,United Kingdom,United Kingdom,English,DATA_EXPIRED,DATA_EXPIRED
270210,APPROVED,2023-02-21T21:16:07.813000Z,2023-02-21T21:25:09.331000Z,2023-02-22T10:05:03.546000,2023-02-21T21:25:09.815836Z,542,3092805E,587,33,Male,White,United Kingdom,United Kingdom,United Kingdom,English,No,Full-Time
269365,APPROVED,2023-02-20T19:46:20.300000Z,2023-02-20T19:58:40.681000Z,2023-02-21T07:10:29.054000,2023-02-20T19:58:41.141182Z,741,3092805E,1585,35,Female,White,United Kingdom,United Kingdom,United Kingdom,English,No,Unemployed (and job seeking)
270035,APPROVED,2023-02-21T18:27:14.013000Z,2023-02-21T19:06:23.412000Z,2023-02-22T10:05:02.672000,2023-02-21T19:06:23.841234Z,2350,3092805E,1366,30,Male,White,United Kingdom,United Kingdom,United Kingdom,English,No,Full-Time
269331,APPROVED,2023-02-20T18:48:07.029000Z,2023-02-20T19:00:18.392000Z,2023-02-20T19:39:57.172000,2023-02-20T19:00:18.769669Z,732,3092805E,819,31,Female,White,United Kingdom,United Kingdom,United Kingdom,English,No,"Not in paid work (e.g. homemaker', 'retired or disabled)"
269555,APPROVED,2023-02-21T12:48:51.853000Z,2023-02-21T13:00:10.480000Z,2023-02-22T10:04:57.002000,2023-02-21T13:00:10.839085Z,679,3092805E,648,40,Female,White,United Kingdom,United Kingdom,United Kingdom,English,No,Full-Time
270592,APPROVED,2023-02-23T10:17:02.943000Z,2023-02-23T10:25:41.419000Z,2023-02-26T08:33:26.129000,2023-02-23T10:25:41.819926Z,519,3092805E,1114,39,Female,White,United Kingdom,United Kingdom,United Kingdom,English,No,Part-Time
269340,APPROVED,2023-02-20T19:30:38.256000Z,2023-02-20T19:41:01.986000Z,2023-02-21T07:10:27.981000,2023-02-20T19:41:02.354400Z,624,3092805E,502,24,Female,Other,United Kingdom,United Kingdom,Qatar,English,Yes,Due to start a new job within the next month
269572,APPROVED,2023-02-21T13:08:29.788000Z,2023-02-21T13:21:20.964000Z,2023-02-22T10:04:58.052000,2023-02-21T13:21:21.363166Z,772,3092805E,827,35,Male,White,United Kingdom,United Kingdom,United Kingdom,English,No,Full-Time
269608,APPROVED,2023-02-21T14:00:27.477000Z,2023-02-21T14:13:18.090000Z,2023-02-22T10:04:59.450000,2023-02-21T14:13:18.438214Z,771,3092805E,717,37,Female,White,United Kingdom,United Kingdom,United Kingdom,English,No,Part-Time
269262,APPROVED,2023-02-20T17:00:38.412000Z,2023-02-20T17:11:02.775000Z,2023-02-20T17:30:14.049000,2023-02-20T17:11:03.209760Z,625,3092805E,1174,26,Female,White,United Kingdom,United Kingdom,United Kingdom,English,Yes,"Not in paid work (e.g. homemaker', 'retired or disabled)"
269478,APPROVED,2023-02-21T08:42:25.804000Z,2023-02-21T08:51:18.288000Z,2023-02-21T09:15:03.276000,2023-02-21T08:51:18.609105Z,533,3092805E,859,34,Male,White,United Kingdom,United Kingdom,United Kingdom,English,No,Full-Time
270746,APPROVED,2023-02-23T15:09:13.816000Z,2023-02-23T15:19:10.347000Z,2023-02-26T08:33:26.851000,2023-02-23T15:19:10.764460Z,597,3092805E,663,35,Male,White,United Kingdom,United Kingdom,United Kingdom,English,No,Unemployed (and job seeking)
270280,APPROVED,2023-02-22T09:19:10.939000Z,2023-02-22T09:30:24.653000Z,2023-02-22T10:05:04.621000,2023-02-22T09:30:25.059572Z,674,3092805E,895,40,Female,White,United Kingdom,United Kingdom,United Kingdom,English,DATA_EXPIRED,DATA_EXPIRED
269614,APPROVED,2023-02-21T14:01:17.693000Z,2023-02-21T14:17:58.727000Z,2023-02-22T10:04:59.366000,2023-02-21T14:17:59.336284Z,1002,3092805E,1290,40,Female,White,United Kingdom,United Kingdom,United Kingdom,English,No,Full-Time
269361,APPROVED,2023-02-20T19:43:16.194000Z,2023-02-20T19:57:12.389000Z,2023-02-21T07:10:30.213000,2023-02-20T19:57:17.766664Z,837,3092805E,1436,37,Female,Black,United Kingdom,United Kingdom,United Kingdom,English,No,Other
270206,APPROVED,2023-02-21T21:10:41.177000Z,2023-02-21T21:21:46.785000Z,2023-02-22T10:05:03.353000,2023-02-21T21:21:49.450376Z,666,3092805E,896,34,Female,White,United Kingdom,United Kingdom,United Kingdom,English,No,Full-Time
269455,APPROVED,2023-02-21T08:21:11.916000Z,2023-02-21T08:32:01.670000Z,2023-02-21T08:43:43.034000,2023-02-21T08:32:02.006236Z,650,3092805E,955,26,Female,White,United Kingdom,United Kingdom,United Kingdom,English,No,"Not in paid work (e.g. homemaker', 'retired or disabled)"
269351,APPROVED,2023-02-20T19:40:43.077000Z,2023-02-20T20:07:45.426000Z,2023-02-21T07:10:29.165000,2023-02-20T20:07:45.816983Z,1623,3092805E,1355,37,Female,White,United Kingdom,United Kingdom,United Kingdom,English,No,Full-Time
269634,APPROVED,2023-02-21T14:30:27.293000Z,2023-02-21T14:41:10.740000Z,2023-02-22T10:05:00.501000,2023-02-21T14:41:13.017912Z,644,3092805E,1755,35,Female,White,United Kingdom,United Kingdom,United Kingdom,English,No,Full-Time
269566,APPROVED,2023-02-21T13:00:57.986000Z,2023-02-21T13:12:04.647000Z,2023-02-22T10:04:57.619000,2023-02-21T13:12:04.984890Z,667,3092805E,365,24,Female,White,United Kingdom,United Kingdom,United Kingdom,English,No,Part-Time
269469,APPROVED,2023-02-21T08:31:19.722000Z,2023-02-21T08:39:04.002000Z,2023-02-21T08:43:43.533000,2023-02-21T08:39:04.423122Z,465,3092805E,1400,33,Male,White,United Kingdom,United Kingdom,United Kingdom,English,No,Full-Time
269574,APPROVED,2023-02-21T13:11:16.677000Z,2023-02-21T13:20:52.645000Z,2023-02-22T10:04:58.137000,2023-02-21T13:20:53.005579Z,576,3092805E,1330,40,Female,White,United Kingdom,United Kingdom,United Kingdom,English,No,Full-Time
269350,APPROVED,2023-02-20T19:39:50.145000Z,2023-02-20T19:50:17.437000Z,2023-02-21T07:10:29.627000,2023-02-20T19:50:17.865143Z,628,3092805E,1259,36,Male,White,United Kingdom,United Kingdom,United Kingdom,English,No,Full-Time
270267,APPROVED,2023-02-22T08:44:30.026000Z,2023-02-22T08:55:25.559000Z,2023-02-22T10:05:04.322000,2023-02-22T08:55:25.886289Z,656,3092805E,952,36,Female,White,United Kingdom,United Kingdom,United Kingdom,English,Yes,Part-Time
269543,APPROVED,2023-02-21T12:16:17.645000Z,2023-02-21T12:24:24.040000Z,2023-02-21T12:43:58.252000,2023-02-21T12:24:24.511729Z,487,3092805E,622,26,Male,White,United Kingdom,United Kingdom,United Kingdom,English,Yes,Unemployed (and job seeking)
269373,APPROVED,2023-02-20T20:02:39.660000Z,2023-02-20T20:13:39.582000Z,2023-02-21T07:10:30.573000,2023-02-20T20:13:39.960190Z,660,3092805E,2016,34,Male,White,United Kingdom,United Kingdom,United Kingdom,English,No,Full-Time
269332,APPROVED,2023-02-20T18:50:00.092000Z,2023-02-20T19:03:56.327000Z,2023-02-20T19:39:56.490000,2023-02-20T19:03:57.593008Z,837,3092805E,1505,31,Male,White,United Kingdom,United Kingdom,United Kingdom,English,No,Full-Time
269324,APPROVED,2023-02-20T18:42:22.522000Z,2023-02-20T18:52:15.786000Z,2023-02-20T19:39:56.604000,2023-02-20T18:52:16.129873Z,594,3092805E,1093,30,Female,White,United Kingdom,United Kingdom,United Kingdom,English,No,Full-Time
269867,APPROVED,2023-02-21T18:00:39.116000Z,2023-02-21T18:09:04.571000Z,2023-02-22T10:05:02.578000,2023-02-21T18:09:05.030782Z,506,3092805E,222,28,Male,White,United Kingdom,United Kingdom,United Kingdom,English,No,Full-Time
269348,APPROVED,2023-02-20T19:39:28.754000Z,2023-02-20T20:02:14.871000Z,2023-02-21T07:10:28.585000,2023-02-20T20:02:16.365303Z,1367,3092805E,1384,40,Female,White,United Kingdom,United Kingdom,United Kingdom,English,Yes,Full-Time
269709,APPROVED,2023-02-21T14:43:21.765000Z,2023-02-21T14:52:31.375000Z,2023-02-22T10:05:00.766000,2023-02-21T14:52:31.999749Z,550,3092805E,620,23,Female,White,United Kingdom,United Kingdom,United Kingdom,English,Yes,Part-Time
270419,APPROVED,2023-02-22T15:02:41.517000Z,2023-02-22T15:14:18.023000Z,2023-02-26T08:33:24.340000,2023-02-22T15:14:18.422738Z,697,3092805E,290,24,Female,White,South Africa,United Kingdom,France,English,No,Full-Time
269352,APPROVED,2023-02-20T19:40:47.894000Z,2023-02-20T19:51:12.915000Z,2023-02-21T07:10:29.739000,2023-02-20T19:51:13.310054Z,626,3092805E,1541,29,Male,White,United Kingdom,United Kingdom,United Kingdom,English,No,Full-Time
269554,APPROVED,2023-02-21T12:47:34.642000Z,2023-02-21T12:55:11.320000Z,2023-02-22T10:04:56.833000,2023-02-21T12:55:11.787896Z,457,3092805E,596,28,Female,White,United Kingdom,United Kingdom,United Kingdom,English,No,Full-Time
270459,APPROVED,2023-02-22T17:33:43.499000Z,2023-02-22T17:44:32.441000Z,2023-02-26T08:33:25.136000,2023-02-22T17:44:32.903696Z,649,3092805E,814,37,Male,White,United Kingdom,United Kingdom,United Kingdom,English,DATA_EXPIRED,DATA_EXPIRED
269559,APPROVED,2023-02-21T12:54:18.064000Z,2023-02-21T13:05:26.224000Z,2023-02-22T10:04:57.266000,2023-02-21T13:05:26.759050Z,669,3092805E,1421,38,Female,White,United Kingdom,United Kingdom,United Kingdom,English,No,Part-Time
269533,APPROVED,2023-02-21T11:55:32.259000Z,2023-02-21T12:14:24.839000Z,2023-02-21T12:44:15.173000,2023-02-21T12:14:25.272460Z,1133,3092805E,446,37,Female,White,United Kingdom,United Kingdom,United Kingdom,English,DATA_EXPIRED,"Not in paid work (e.g. homemaker', 'retired or disabled)"
270079,APPROVED,2023-02-21T19:01:34.982000Z,2023-02-21T19:22:23.179000Z,2023-02-22T10:05:02.853000,2023-02-21T19:22:23.573433Z,1249,3092805E,1594,31,Male,White,United Kingdom,United Kingdom,United Kingdom,English,No,Full-Time
270435,APPROVED,2023-02-22T16:01:08.902000Z,2023-02-22T16:14:22.830000Z,2023-02-26T08:33:24.733000,2023-02-22T16:14:23.738817Z,794,3092805E,785,34,Female,White,United Kingdom,United Kingdom,United Kingdom,English,No,"Not in paid work (e.g. homemaker', 'retired or disabled)"
270208,APPROVED,2023-02-21T21:13:04.230000Z,2023-02-21T21:23:50.016000Z,2023-02-22T10:05:03.449000,2023-02-21T21:23:52.061676Z,646,3092805E,572,32,Male,White,United Kingdom,United Kingdom,United Kingdom,English,No,Full-Time
270033,APPROVED,2023-02-21T18:51:58.896000Z,2023-02-21T19:01:40.971000Z,2023-02-22T10:05:02.764000,2023-02-21T19:01:41.478025Z,583,3092805E,593,26,Male,White,United Kingdom,United Kingdom,United Kingdom,English,No,Full-Time
270692,APPROVED,2023-02-23T14:43:06.085000Z,2023-02-23T14:58:13.233000Z,2023-02-26T08:33:26.753000,2023-02-23T14:58:13.679199Z,908,3092805E,928,34,Female,White,Germany,United Kingdom,United Kingdom,English,DATA_EXPIRED,Full-Time
269625,APPROVED,2023-02-21T14:19:20.084000Z,2023-02-21T14:33:20.186000Z,2023-02-22T10:05:00.066000,2023-02-21T14:33:20.601231Z,841,3092805E,1232,39,Male,White,United Kingdom,United Kingdom,United Kingdom,English,No,DATA_EXPIRED
269309,APPROVED,2023-02-20T18:23:43.158000Z,2023-02-20T18:44:27.205000Z,2023-02-20T19:39:56.261000,2023-02-20T18:44:27.966862Z,1245,3092805E,1238,40,Female,White,United Kingdom,United Kingdom,United Kingdom,English,No,Part-Time
269586,APPROVED,2023-02-21T13:32:43.621000Z,2023-02-21T13:41:37.612000Z,2023-02-22T10:04:58.747000,2023-02-21T13:41:38.097713Z,534,3092805E,323,29,Female,White,United Kingdom,United Kingdom,United Kingdom,English,No,Unemployed (and job seeking)
269568,APPROVED,2023-02-21T13:02:48.985000Z,2023-02-21T13:14:28.545000Z,2023-02-22T10:04:57.875000,2023-02-21T13:14:28.971169Z,700,3092805E,371,22,Female,White,United Kingdom,United Kingdom,United Kingdom,English,No,Part-Time
269620,APPROVED,2023-02-21T14:10:43.460000Z,2023-02-21T14:21:00.474000Z,2023-02-22T10:04:59.706000,2023-02-21T14:21:03.852935Z,618,3092805E,247,23,Female,White,United Kingdom,United Kingdom,United Kingdom,English,No,DATA_EXPIRED
269565,APPROVED,2023-02-21T13:00:53.735000Z,2023-02-21T13:15:29.463000Z,2023-02-22T10:04:57.700000,2023-02-21T13:15:29.839318Z,876,3092805E,678,37,Female,White,United Kingdom,United Kingdom,United Kingdom,English,No,"Not in paid work (e.g. homemaker', 'retired or disabled)"
269362,APPROVED,2023-02-20T19:43:35.266000Z,2023-02-20T20:00:34.682000Z,2023-02-21T07:10:29.859000,2023-02-20T20:00:36.759463Z,1020,3092805E,2025,33,Male,White,United Kingdom,United Kingdom,United Kingdom,English,No,Full-Time
269637,APPROVED,2023-02-21T14:34:04.732000Z,2023-02-21T14:45:08.709000Z,2023-02-22T10:05:00.417000,2023-02-21T14:45:09.130804Z,664,3092805E,352,32,Female,White,United States,United Kingdom,Belgium,English,No,Part-Time
269583,APPROVED,2023-02-21T13:28:26.034000Z,2023-02-21T13:41:54.201000Z,2023-02-22T10:04:58.486000,2023-02-21T13:41:54.585968Z,809,3092805E,672,32,Male,White,United Kingdom,United Kingdom,United Kingdom,English,DATA_EXPIRED,DATA_EXPIRED
270677,APPROVED,2023-02-23T14:18:36.297000Z,2023-02-23T14:27:36.765000Z,2023-02-26T08:33:26.648000,2023-02-23T14:27:37.173664Z,541,3092805E,305,23,Male,White,United Kingdom,United Kingdom,United Kingdom,English,Yes,Other
270432,APPROVED,2023-02-22T15:34:59.369000Z,2023-02-22T15:45:23.177000Z,2023-02-26T08:33:24.537000,2023-02-22T15:45:23.549452Z,624,3092805E,948,28,Female,White,United Kingdom,United Kingdom,United Kingdom,English,DATA_EXPIRED,DATA_EXPIRED
269427,APPROVED,2023-02-21T07:23:50.478000Z,2023-02-21T07:35:49.366000Z,2023-02-21T08:43:42.626000,2023-02-21T07:35:49.814656Z,719,3092805E,1081,30,Female,White,United Kingdom,United Kingdom,United Kingdom,English,No,"Not in paid work (e.g. homemaker', 'retired or disabled)"
269581,APPROVED,2023-02-21T13:27:46.221000Z,2023-02-21T13:41:34.741000Z,2023-02-22T10:04:58.402000,2023-02-21T13:41:35.163928Z,829,3092805E,581,33,Female,White,United Kingdom,United Kingdom,United Kingdom,English,No,Full-Time
269346,APPROVED,2023-02-20T19:38:00.817000Z,2023-02-20T19:51:37.026000Z,2023-02-21T07:10:28.343000,2023-02-20T19:51:37.427452Z,817,3092805E,440,25,Female,White,United Kingdom,United Kingdom,United Kingdom,English,No,Full-Time
270507,APPROVED,2023-02-22T21:05:47.206000Z,2023-02-22T21:15:49.706000Z,2023-02-26T08:33:25.535000,2023-02-22T21:15:50.106325Z,603,3092805E,559,25,Male,White,United Kingdom,United Kingdom,United Kingdom,English,No,Full-Time
270173,APPROVED,2023-02-21T19:41:19.037000Z,2023-02-21T19:53:36.872000Z,2023-02-22T10:05:03.048000,2023-02-21T19:53:37.284174Z,738,3092805E,396,23,Female,Asian,Brunei Darussalam,United Kingdom,United Kingdom,English,Yes,Part-Time
269755,APPROVED,2023-02-21T15:03:02.611000Z,2023-02-21T15:14:02.470000Z,2023-02-22T10:05:00.956000,2023-02-21T15:14:02.832302Z,660,3092805E,434,21,Female,White,United Kingdom,United Kingdom,United Kingdom,English,Yes,Other
269428,APPROVED,2023-02-21T07:24:03.560000Z,2023-02-21T07:33:16.893000Z,2023-02-21T08:43:42.325000,2023-02-21T07:33:17.210054Z,554,3092805E,642,23,Female,White,United Kingdom,United Kingdom,United Kingdom,English,No,Part-Time
271292,APPROVED,2023-02-25T18:21:16.752000Z,2023-02-25T18:33:00.164000Z,2023-02-26T08:33:26.946000,2023-02-25T18:33:00.511717Z,704,3092805E,377,26,Female,White,United Kingdom,United Kingdom,United Kingdom,English,No,Full-Time
269372,APPROVED,2023-02-20T19:39:19.616000Z,2023-02-20T20:22:20.479000Z,2023-02-21T07:10:29.400000,2023-02-20T20:22:20.981906Z,2581,3092805E,1007,30,Female,Black,Ghana,United Kingdom,United Kingdom,English,Yes,Part-Time
269280,APPROVED,2023-02-20T17:31:18.869000Z,2023-02-20T17:39:23.403000Z,2023-02-20T17:57:47.298000,2023-02-20T17:39:23.796868Z,485,3092805E,556,38,Male,White,United Kingdom,United Kingdom,United Kingdom,English,No,Full-Time
269299,APPROVED,2023-02-20T18:17:25.995000Z,2023-02-20T18:32:58.692000Z,2023-02-20T18:33:41.453000,2023-02-20T18:32:59.063302Z,933,3092805E,1376,37,Female,White,United Kingdom,United Kingdom,United Kingdom,English,No,Full-Time
269463,APPROVED,2023-02-21T08:24:59.359000Z,2023-02-21T08:32:47.631000Z,2023-02-21T08:43:43.233000,2023-02-21T08:32:47.978260Z,469,3092805E,313,25,Female,White,United Kingdom,United Kingdom,United Kingdom,English,Yes,Part-Time
269364,APPROVED,2023-02-20T19:41:20.385000Z,2023-02-20T19:54:01.864000Z,2023-02-21T07:10:29.979000,2023-02-20T19:54:02.237194Z,762,3092805E,1250,33,Male,White,Switzerland,United Kingdom,United Kingdom,English,DATA_EXPIRED,Full-Time
269832,APPROVED,2023-02-21T16:57:45.050000Z,2023-02-21T17:09:40.457000Z,2023-02-22T10:05:01.806000,2023-02-21T17:09:40.844433Z,716,3092805E,1111,26,Female,White,United Kingdom,United Kingdom,United Kingdom,English,No,Full-Time
269527,APPROVED,2023-02-21T11:53:38.479000Z,2023-02-21T12:02:04.675000Z,2023-02-21T12:11:22.539000,2023-02-21T12:02:05.062461Z,507,3092805E,461,30,Female,White,United States,United Kingdom,DATA_EXPIRED,English,DATA_EXPIRED,Full-Time
270259,APPROVED,2023-02-22T08:35:11.986000Z,2023-02-22T08:50:04.581000Z,2023-02-22T10:05:04.127000,2023-02-22T08:50:04.891899Z,893,3092805E,387,27,Female,White,United Kingdom,United Kingdom,United Kingdom,English,No,Part-Time
269627,APPROVED,2023-02-21T14:24:39.302000Z,2023-02-21T14:38:37.880000Z,2023-02-22T10:05:00.155000,2023-02-21T14:38:38.380327Z,839,3092805E,685,38,Male,White,United Kingdom,United Kingdom,United Kingdom,English,No,Full-Time
269482,APPROVED,2023-02-21T08:46:16.748000Z,2023-02-21T08:59:24.010000Z,2023-02-21T09:15:04.032000,2023-02-21T08:59:24.356472Z,788,3092805E,424,24,Male,Asian,United Kingdom,United Kingdom,United Kingdom,English,DATA_EXPIRED,DATA_EXPIRED
269329,APPROVED,2023-02-20T18:46:04.757000Z,2023-02-20T18:58:41.703000Z,2023-02-20T19:39:57.060000,2023-02-20T18:58:42.117058Z,757,3092805E,911,37,Female,White,United Kingdom,United Kingdom,United Kingdom,English,No,Full-Time
269536,APPROVED,2023-02-21T11:56:32.506000Z,2023-02-21T12:06:35.870000Z,2023-02-21T12:11:23.253000,2023-02-21T12:06:36.327514Z,604,3092805E,642,26,Female,White,United Kingdom,United Kingdom,United Kingdom,English,No,"Not in paid work (e.g. homemaker', 'retired or disabled)"
269264,APPROVED,2023-02-20T17:00:39.676000Z,2023-02-20T17:10:51.418000Z,2023-02-20T17:30:13.670000,2023-02-20T17:10:51.826582Z,612,3092805E,1843,36,Male,White,United Kingdom,United Kingdom,United Kingdom,English,No,Full-Time
269360,APPROVED,2023-02-20T19:42:16.451000Z,2023-02-20T19:52:25.978000Z,2023-02-21T07:10:30.095000,2023-02-20T19:52:26.390865Z,610,3092805E,1612,30,Male,White,United Kingdom,United Kingdom,United Kingdom,English,Yes,Full-Time
269523,APPROVED,2023-02-21T11:52:41.400000Z,2023-02-21T12:00:49.782000Z,2023-02-21T12:11:22.123000,2023-02-21T12:00:50.665497Z,489,3092805E,720,24,Male,White,United Kingdom,United Kingdom,United Kingdom,English,Yes,Part-Time
269629,APPROVED,2023-02-21T14:25:09.550000Z,2023-02-21T14:35:55.254000Z,2023-02-22T10:05:00.244000,2023-02-21T14:36:08.505978Z,646,3092805E,782,28,Female,White,United Kingdom,United Kingdom,United Kingdom,English,No,"Not in paid work (e.g. homemaker', 'retired or disabled)"
269440,APPROVED,2023-02-21T07:55:00.115000Z,2023-02-21T08:10:51.267000Z,2023-02-21T08:43:42.926000,2023-02-21T08:10:51.834951Z,952,3092805E,966,36,Female,White,United Kingdom,United Kingdom,United Kingdom,English,No,Full-Time
269576,APPROVED,2023-02-21T13:13:45.158000Z,2023-02-21T13:22:26.975000Z,2023-02-22T10:04:58.227000,2023-02-21T13:22:27.334478Z,522,3092805E,175,35,Female,White,United Kingdom,United Kingdom,United Kingdom,English,No,Full-Time
269558,APPROVED,2023-02-21T12:53:50.330000Z,2023-02-21T13:05:52.772000Z,2023-02-22T10:04:57.179000,2023-02-21T13:05:53.183318Z,723,3092805E,563,37,Female,White,United Kingdom,United Kingdom,United Kingdom,English,No,"Not in paid work (e.g. homemaker', 'retired or disabled)"
270353,APPROVED,2023-02-22T12:37:08.688000Z,2023-02-22T12:52:03.504000Z,2023-02-26T08:33:23.831000,2023-02-22T12:52:04.145826Z,895,3092805E,176,21,Female,White,United Kingdom,United Kingdom,United Kingdom,English,Yes,DATA_EXPIRED
269601,APPROVED,2023-02-21T13:48:52.062000Z,2023-02-21T13:58:58.389000Z,2023-02-22T10:04:59.278000,2023-02-21T13:58:58.716769Z,607,3092805E,469,37,Female,White,United Kingdom,United Kingdom,United Kingdom,English,No,Part-Time
269479,APPROVED,2023-02-21T08:42:53.290000Z,2023-02-21T08:52:52.823000Z,2023-02-21T09:15:03.809000,2023-02-21T08:52:53.193263Z,600,3092805E,589,38,Male,White,United Kingdom,United Kingdom,United Kingdom,English,DATA_EXPIRED,DATA_EXPIRED
269281,APPROVED,2023-02-20T17:31:23.801000Z,2023-02-20T17:41:19.474000Z,2023-02-20T17:57:47.407000,2023-02-20T17:41:19.850564Z,596,3092805E,1346,31,Male,White,United Kingdom,United Kingdom,United Kingdom,English,No,Full-Time
269632,APPROVED,2023-02-21T14:26:20.937000Z,2023-02-21T14:38:13.847000Z,2023-02-22T10:05:00.332000,2023-02-21T14:38:14.964009Z,713,3092805E,883,34,Female,White,United Kingdom,United Kingdom,United Kingdom,English,No,Full-Time
269756,APPROVED,2023-02-21T15:04:11.458000Z,2023-02-21T15:18:16.935000Z,2023-02-22T10:05:01.053000,2023-02-21T15:18:18.286236Z,846,3092805E,591,31,Female,White,United Kingdom,United Kingdom,United Kingdom,English,No,Unemployed (and job seeking)
269461,APPROVED,2023-02-21T08:22:19.984000Z,2023-02-21T08:35:15.408000Z,2023-02-21T08:43:43.134000,2023-02-21T08:35:15.747750Z,776,3092805E,1309,38,Male,White,United Kingdom,United Kingdom,United Kingdom,English,No,Full-Time
269383,APPROVED,2023-02-20T19:39:39.763000Z,2023-02-20T20:22:19.677000Z,2023-02-21T07:10:29.514000,2023-02-20T20:22:20.081307Z,2560,3092805E,870,25,Female,White,United Kingdom,United Kingdom,United Kingdom,English,No,Full-Time
270254,APPROVED,2023-02-22T07:55:35.252000Z,2023-02-22T08:05:18.867000Z,2023-02-22T10:05:03.832000,2023-02-22T08:05:19.253582Z,584,3092805E,558,29,Female,White,United Kingdom,United Kingdom,United Kingdom,English,No,Part-Time
269801,APPROVED,2023-02-21T15:53:53.716000Z,2023-02-21T16:05:39.002000Z,2023-02-22T10:05:01.362000,2023-02-21T16:05:39.362387Z,706,3092805E,1426,33,Male,White,Japan,United Kingdom,United States,English,No,Unemployed (and job seeking)
269339,APPROVED,2023-02-20T19:30:45.063000Z,2023-02-20T19:40:27.879000Z,2023-02-21T07:10:28.106000,2023-02-20T19:40:28.301392Z,583,3092805E,532,34,Male,White,United Kingdom,United Kingdom,United Kingdom,English,No,Full-Time
269619,APPROVED,2023-02-21T14:09:42.156000Z,2023-02-21T14:20:14.600000Z,2023-02-22T10:04:59.621000,2023-02-21T14:20:14.964174Z,633,3092805E,774,29,Male,White,United Kingdom,United Kingdom,United Kingdom,English,No,"Not in paid work (e.g. homemaker', 'retired or disabled)"
269465,APPROVED,2023-02-21T08:27:04.605000Z,2023-02-21T08:37:41.615000Z,2023-02-21T08:43:43.334000,2023-02-21T08:37:41.997842Z,638,3092805E,1045,21,Male,White,United Kingdom,United Kingdom,United Kingdom,English,No,Full-Time
269553,APPROVED,2023-02-21T12:46:14.143000Z,2023-02-21T12:56:26.805000Z,2023-02-22T10:04:56.747000,2023-02-21T12:56:27.193104Z,613,3092805E,359,25,Female,White,United Kingdom,United Kingdom,United Kingdom,English,DATA_EXPIRED,DATA_EXPIRED
269520,APPROVED,2023-02-21T11:51:55.670000Z,2023-02-21T12:03:14.953000Z,2023-02-21T12:11:21.567000,2023-02-21T12:03:15.329221Z,680,3092805E,1068,35,Male,White,United Kingdom,United Kingdom,United Kingdom,English,No,Full-Time
269560,APPROVED,2023-02-21T12:54:49.498000Z,2023-02-21T13:04:34.768000Z,2023-02-22T10:04:57.352000,2023-02-21T13:04:35.120426Z,586,3092805E,511,21,Female,White,United Kingdom,United Kingdom,United Kingdom,English,Yes,Unemployed (and job seeking)
269439,APPROVED,2023-02-21T07:42:44.197000Z,2023-02-21T07:52:20.536000Z,2023-02-21T08:43:42.826000,2023-02-21T07:52:21.131001Z,577,3092805E,260,22,Female,White,United Kingdom,United Kingdom,United Kingdom,English,No,Full-Time
269321,APPROVED,2023-02-20T18:41:03.503000Z,2023-02-20T18:51:18.345000Z,2023-02-20T19:39:56.720000,2023-02-20T18:51:18.658017Z,615,3092805E,1227,34,Male,White,United Kingdom,United Kingdom,United Kingdom,English,No,Full-Time
270446,APPROVED,2023-02-22T17:02:43.463000Z,2023-02-22T17:12:25.394000Z,2023-02-26T08:33:24.930000,2023-02-22T17:12:25.864502Z,582,3092805E,398,22,Male,White,United Kingdom,United Kingdom,United Kingdom,English,No,Full-Time
269529,APPROVED,2023-02-21T11:54:17.683000Z,2023-02-21T12:11:00.518000Z,2023-02-21T12:11:21.702000,2023-02-21T12:11:00.900883Z,1003,3092805E,590,26,Female,White,United Kingdom,United Kingdom,United Kingdom,English,No,Part-Time
270281,APPROVED,2023-02-22T09:25:32.796000Z,2023-02-22T09:35:29.931000Z,2023-02-22T10:05:04.716000,2023-02-22T09:35:30.318439Z,598,3092805E,543,36,Female,White,United Kingdom,United Kingdom,United Kingdom,English,No,Full-Time
269589,APPROVED,2023-02-21T13:34:55.142000Z,2023-02-21T13:44:39.310000Z,2023-02-22T10:04:59.011000,2023-02-21T13:44:39.867215Z,585,3092805E,901,27,Female,White,United Kingdom,United Kingdom,United Kingdom,English,No,Full-Time
269567,APPROVED,2023-02-21T13:01:06.449000Z,2023-02-21T13:08:14.177000Z,2023-02-22T10:04:57.788000,2023-02-21T13:08:14.543520Z,428,3092805E,430,37,Male,Asian,United Kingdom,United Kingdom,United Kingdom,English,No,Full-Time
269375,APPROVED,2023-02-20T19:38:57.245000Z,2023-02-20T20:16:26.566000Z,2023-02-21T07:10:29.282000,2023-02-20T20:16:26.964412Z,2250,3092805E,1224,35,Male,White,United Kingdom,United Kingdom,United Kingdom,English,Yes,Full-Time
269590,APPROVED,2023-02-21T13:35:32.083000Z,2023-02-21T13:47:43.367000Z,2023-02-22T10:04:58.919000,2023-02-21T13:47:44.950444Z,732,3092805E,240,22,Male,Black,United Kingdom,United Kingdom,United Kingdom,English,No,Unemployed (and job seeking)
269424,APPROVED,2023-02-21T07:12:22.300000Z,2023-02-21T07:24:54.224000Z,2023-02-21T08:43:42.223000,2023-02-21T07:24:54.641055Z,752,3092805E,1028,34,Male,White,United Kingdom,United Kingdom,United Kingdom,English,No,Full-Time
269847,APPROVED,2023-02-21T17:21:03.686000Z,2023-02-21T17:32:38.532000Z,2023-02-22T10:05:01.898000,2023-02-21T17:32:39.408192Z,695,3092805E,1003,39,Male,White,United Kingdom,United Kingdom,United Kingdom,English,No,Full-Time
269531,APPROVED,2023-02-21T11:55:05.606000Z,2023-02-21T12:05:40.392000Z,2023-02-21T12:11:21.983000,2023-02-21T12:05:40.719383Z,635,3092805E,653,31,Female,White,United Kingdom,United Kingdom,United Kingdom,English,DATA_EXPIRED,DATA_EXPIRED
269289,APPROVED,2023-02-20T17:45:24.787000Z,2023-02-20T17:52:58.328000Z,2023-02-20T17:57:47.515000,2023-02-20T17:52:58.888659Z,454,3092805E,696,40,Female,White,United Kingdom,United Kingdom,United Kingdom,English,No,"Not in paid work (e.g. homemaker', 'retired or disabled)"
270601,APPROVED,2023-02-23T10:35:06.215000Z,2023-02-23T10:47:45.456000Z,2023-02-26T08:33:26.345000,2023-02-23T10:47:46.760123Z,760,3092805E,525,29,Female,White,United Kingdom,United Kingdom,United Kingdom,English,No,Part-Time
269308,APPROVED,2023-02-20T18:17:25.558000Z,2023-02-20T18:32:13.754000Z,2023-02-20T18:33:41.346000,2023-02-20T18:32:17.247907Z,889,3092805E,394,26,Male,White,United Kingdom,United Kingdom,United Kingdom,English,No,Full-Time
269486,APPROVED,2023-02-21T08:52:22.581000Z,2023-02-21T08:57:02.605000Z,2023-02-21T09:15:04.256000,2023-02-21T08:57:03.059568Z,281,3092805E,369,30,Male,White,United Kingdom,United Kingdom,United Kingdom,English,DATA_EXPIRED,Part-Time
269342,APPROVED,2023-02-20T19:37:55.066000Z,2023-02-20T19:46:46.790000Z,2023-02-21T07:10:28.224000,2023-02-20T19:46:47.096477Z,532,3092805E,864,34,Male,White,United Kingdom,United Kingdom,United Kingdom,English,No,DATA_EXPIRED
269475,APPROVED,2023-02-21T08:41:46.710000Z,2023-02-21T08:52:44.418000Z,2023-02-21T09:15:03.708000,2023-02-21T08:52:44.852149Z,658,3092805E,182,37,Male,White,United Kingdom,United Kingdom,United Kingdom,English,No,Full-Time
269305,APPROVED,2023-02-20T18:17:18.167000Z,2023-02-20T18:33:26.096000Z,2023-02-20T18:33:41.131000,2023-02-20T18:33:26.449786Z,968,3092805E,899,35,Male,White,United Kingdom,United Kingdom,United Kingdom,English,No,Full-Time
269532,APPROVED,2023-02-21T11:55:30.139000Z,2023-02-21T12:05:59.421000Z,2023-02-21T12:11:22.971000,2023-02-21T12:05:59.743515Z,630,3092805E,235,21,Female,White,United Kingdom,United Kingdom,United Kingdom,English,No,Unemployed (and job seeking)
270433,APPROVED,2023-02-22T15:40:26.193000Z,2023-02-22T15:50:38.298000Z,2023-02-26T08:33:24.634000,2023-02-22T15:50:40.183510Z,613,3092805E,55,20,Male,White,United Kingdom,United Kingdom,United Kingdom,English,Yes,Full-Time
269460,APPROVED,2023-02-21T08:21:59.219000Z,2023-02-21T09:02:40.205000Z,2023-02-21T09:15:03.165000,2023-02-21T09:02:40.696463Z,2441,3092805E,296,30,Female,Mixed,United Kingdom,United Kingdom,United Kingdom,English,Yes,"Not in paid work (e.g. homemaker', 'retired or disabled)"
269563,APPROVED,2023-02-21T12:59:34.610000Z,2023-02-21T13:11:15.425000Z,2023-02-22T10:04:57.445000,2023-02-21T13:11:15.863325Z,701,3092805E,414,20,Female,White,United Kingdom,United Kingdom,United Kingdom,English,Yes,DATA_EXPIRED
269377,APPROVED,2023-02-20T20:07:37.759000Z,2023-02-20T20:18:27.283000Z,2023-02-21T07:10:30.692000,2023-02-20T20:18:27.683254Z,650,3092805E,488,23,Female,White,United Kingdom,United Kingdom,United Kingdom,English,No,Unemployed (and job seeking)
270256,APPROVED,2023-02-22T08:29:36.348000Z,2023-02-22T08:35:31.712000Z,2023-02-22T10:05:03.931000,2023-02-22T08:35:32.117570Z,356,3092805E,178,31,Female,White,United Kingdom,United Kingdom,United Kingdom,English,No,Full-Time
269623,APPROVED,2023-02-21T14:13:54.322000Z,2023-02-21T14:26:11.869000Z,2023-02-22T10:04:59.892000,2023-02-21T14:26:22.070842Z,738,3092805E,947,25,Female,White,United Kingdom,United Kingdom,United Kingdom,English,No,Part-Time
269564,APPROVED,2023-02-21T12:59:55.642000Z,2023-02-21T13:11:19.620000Z,2023-02-22T10:04:57.533000,2023-02-21T13:11:20.226710Z,684,3092805E,98,29,Male,White,United Kingdom,United Kingdom,United Kingdom,English,No,Full-Time
269300,APPROVED,2023-02-20T18:17:30.106000Z,2023-02-20T18:28:03.199000Z,2023-02-20T18:33:41.240000,2023-02-20T18:28:25.554885Z,634,3092805E,810,25,Male,White,United Kingdom,United Kingdom,United Kingdom,English,No,Full-Time
269594,APPROVED,2023-02-21T13:39:57.847000Z,2023-02-21T13:49:31.868000Z,2023-02-22T10:04:59.103000,2023-02-21T13:49:32.205352Z,575,3092805E,245,21,Male,White,United Kingdom,United Kingdom,United Kingdom,English,DATA_EXPIRED,Part-Time
269846,APPROVED,2023-02-21T17:21:04.605000Z,2023-02-21T17:34:28.064000Z,2023-02-22T10:05:01.986000,2023-02-21T17:34:28.539767Z,804,3092805E,384,24,Male,Mixed,Germany,United Kingdom,United Kingdom,English,DATA_EXPIRED,Full-Time
269853,APPROVED,2023-02-21T17:35:59.957000Z,2023-02-21T17:44:23.736000Z,2023-02-22T10:05:02.184000,2023-02-21T17:44:24.139446Z,504,3092805E,407,34,Male,DATA_EXPIRED,DATA_EXPIRED,United Kingdom,DATA_EXPIRED,English,DATA_EXPIRED,DATA_EXPIRED
270500,APPROVED,2023-02-22T20:31:42.382000Z,2023-02-22T20:44:13.042000Z,2023-02-26T08:33:25.439000,2023-02-22T20:44:13.358636Z,751,3092805E,966,40,Male,White,United Kingdom,United Kingdom,United Kingdom,English,No,Full-Time
269624,APPROVED,2023-02-21T14:16:36.955000Z,2023-02-21T14:33:08.878000Z,2023-02-22T10:04:59.979000,2023-02-21T14:33:09.321269Z,992,3092805E,696,34,Female,Asian,United Kingdom,United Kingdom,United Kingdom,English,No,Part-Time
269279,APPROVED,2023-02-20T17:31:17.222000Z,2023-02-20T17:48:35.013000Z,2023-02-20T17:57:47.191000,2023-02-20T17:48:36.785561Z,1038,3092805E,827,25,Male,White,United Kingdom,United Kingdom,United Kingdom,English,No,Unemployed (and job seeking)
269697,APPROVED,2023-02-21T14:42:32.865000Z,2023-02-21T14:53:51.689000Z,2023-02-22T10:05:00.679000,2023-02-21T14:53:52.046350Z,679,3092805E,873,37,Male,White,United Kingdom,United Kingdom,United Kingdom,English,No,Full-Time
269470,APPROVED,2023-02-21T08:32:33.521000Z,2023-02-21T08:41:23.379000Z,2023-02-21T08:43:43.635000,2023-02-21T08:41:24.351170Z,530,3092805E,838,40,Female,White,Zimbabwe,United Kingdom,United Kingdom,English,No,DATA_EXPIRED
269320,APPROVED,2023-02-20T18:41:03.154000Z,2023-02-20T18:51:09.511000Z,2023-02-20T19:39:56.836000,2023-02-20T18:51:10.307549Z,607,3092805E,455,25,Female,White,United Kingdom,United Kingdom,United Kingdom,English,No,Part-Time
269430,APPROVED,2023-02-21T07:25:59.974000Z,2023-02-21T07:37:59.665000Z,2023-02-21T08:43:42.526000,2023-02-21T07:38:00.025533Z,720,3092805E,1042,22,Male,White,United Kingdom,United Kingdom,United Kingdom,English,Yes,Full-Time
270618,APPROVED,2023-02-23T11:27:24.777000Z,2023-02-23T11:37:20.809000Z,2023-02-26T08:33:26.443000,2023-02-23T11:37:21.220886Z,597,3092805E,504,28,Female,White,United Kingdom,United Kingdom,United Kingdom,English,Yes,Other
270273,APPROVED,2023-02-22T08:58:48.187000Z,2023-02-22T09:08:09.222000Z,2023-02-22T10:05:04.424000,2023-02-22T09:08:09.919878Z,562,3092805E,480,38,Female,White,United Kingdom,United Kingdom,United Kingdom,English,No,Part-Time
269471,APPROVED,2023-02-21T08:37:43.983000Z,2023-02-21T08:52:47.715000Z,2023-02-21T09:15:03.383000,2023-02-21T08:52:48.106680Z,904,3092805E,241,37,Female,White,United Kingdom,United Kingdom,United Kingdom,English,No,"Not in paid work (e.g. homemaker', 'retired or disabled)"
269539,APPROVED,2023-02-21T11:59:42.684000Z,2023-02-21T12:10:30.729000Z,2023-02-21T12:11:23.392000,2023-02-21T12:10:31.109983Z,649,3092805E,850,30,Female,White,United Kingdom,United Kingdom,United Kingdom,English,No,"Not in paid work (e.g. homemaker', 'retired or disabled)"
269521,APPROVED,2023-02-21T11:52:28.043000Z,2023-02-21T12:14:07.057000Z,2023-02-21T12:44:14.974000,2023-02-21T12:14:07.444959Z,1300,3092805E,504,37,Male,White,Poland,United Kingdom,Poland,English,No,Full-Time
269588,APPROVED,2023-02-21T13:33:17.797000Z,2023-02-21T13:46:13.121000Z,2023-02-22T10:04:58.835000,2023-02-21T13:46:13.518477Z,776,3092805E,561,38,Male,White,United Kingdom,United Kingdom,United Kingdom,English,No,Full-Time
269742,APPROVED,2023-02-21T14:54:34.495000Z,2023-02-21T15:02:42.182000Z,2023-02-22T10:05:00.863000,2023-02-21T15:02:42.608837Z,488,3092805E,96,28,Female,White,United Kingdom,United Kingdom,United Kingdom,English,No,Full-Time
269197,APPROVED,2023-02-20T16:42:00.060000Z,2023-02-20T16:55:25.992000Z,2023-02-20T16:59:19.879000,2023-02-20T16:55:26.430635Z,806,3092805E,455,31,Female,White,United Kingdom,United Kingdom,United Kingdom,English,No,Unemployed (and job seeking)
270509,APPROVED,2023-02-22T21:25:56.661000Z,2023-02-22T21:35:03.311000Z,2023-02-26T08:33:25.630000,2023-02-22T21:35:03.673542Z,547,3092805E,605,22,Male,White,United Kingdom,United Kingdom,United Kingdom,English,Yes,Full-Time
270186,APPROVED,2023-02-21T20:15:42.359000Z,2023-02-21T20:31:56.298000Z,2023-02-22T10:05:03.157000,2023-02-21T20:31:56.640716Z,974,3092805E,428,35,Male,White,United Kingdom,United Kingdom,United Kingdom,English,No,Full-Time
269277,APPROVED,2023-02-20T17:31:01.686000Z,2023-02-20T17:41:45.517000Z,2023-02-20T17:57:46.658000,2023-02-20T17:41:46.015763Z,644,3092805E,469,38,Male,White,United Kingdom,United Kingdom,United Kingdom,English,No,Full-Time
269540,APPROVED,2023-02-21T12:05:24.111000Z,2023-02-21T12:14:23.337000Z,2023-02-21T12:44:08.492000,2023-02-21T12:14:23.684898Z,540,3092805E,369,38,Male,Mixed,United Kingdom,United Kingdom,United Kingdom,English,No,Part-Time
269263,APPROVED,2023-02-20T17:00:38.391000Z,2023-02-20T17:11:36.090000Z,2023-02-20T17:30:13.796000,2023-02-20T17:11:36.544632Z,658,3092805E,634,29,Male,White,United Kingdom,United Kingdom,United Kingdom,English,Yes,Unemployed (and job seeking)
269584,APPROVED,2023-02-21T13:31:08.099000Z,2023-02-21T13:42:43.101000Z,2023-02-22T10:04:58.574000,2023-02-21T13:42:43.511243Z,696,3092805E,363,31,Male,White,United Kingdom,United Kingdom,United Kingdom,English,DATA_EXPIRED,DATA_EXPIRED
269423,APPROVED,2023-02-21T07:11:30.569000Z,2023-02-21T07:24:38.808000Z,2023-02-21T08:43:42.121000,2023-02-21T07:24:39.281732Z,789,3092805E,439,39,Male,White,United Kingdom,United Kingdom,United Kingdom,English,No,Part-Time
270563,APPROVED,2023-02-23T08:32:40.945000Z,2023-02-23T08:46:39.543000Z,2023-02-26T08:33:25.827000,2023-02-23T08:46:39.932002Z,839,3092805E,230,31,Male,White,Bulgaria,United Kingdom,United Kingdom,English,No,Full-Time
270462,APPROVED,2023-02-22T17:36:50.205000Z,2023-02-22T17:46:43.289000Z,2023-02-26T08:33:25.235000,2023-02-22T17:46:43.656435Z,594,3092805E,188,30,Female,White,United Kingdom,United Kingdom,United Kingdom,English,No,Full-Time
269265,APPROVED,2023-02-20T17:01:08.865000Z,2023-02-20T17:10:18.149000Z,2023-02-20T17:30:13.924000,2023-02-20T17:10:18.513035Z,550,3092805E,583,31,Male,White,United Kingdom,United Kingdom,United Kingdom,English,No,Full-Time
269804,APPROVED,2023-02-21T16:04:14.067000Z,2023-02-21T16:16:37.304000Z,2023-02-22T10:05:01.452000,2023-02-21T16:16:37.697740Z,744,3092805E,249,27,Male,White,Italy,United Kingdom,Italy,English,No,Full-Time
269785,APPROVED,2023-02-21T15:31:08.136000Z,2023-02-21T15:43:23.494000Z,2023-02-22T10:05:01.276000,2023-02-21T15:43:25.030594Z,736,3092805E,219,35,Male,White,United Kingdom,United Kingdom,United Kingdom,English,No,Full-Time
269282,APPROVED,2023-02-20T17:33:05.893000Z,2023-02-20T17:47:34.798000Z,2023-02-20T17:57:47.078000,2023-02-20T17:47:35.205594Z,869,3092805E,675,35,Male,White,United Kingdom,United Kingdom,United Kingdom,English,No,Full-Time
270626,APPROVED,2023-02-23T12:11:38.265000Z,2023-02-23T12:23:46.917000Z,2023-02-26T08:33:26.548000,2023-02-23T12:23:47.296164Z,729,3092805E,188,32,Male,Asian,United Kingdom,United Kingdom,United Kingdom,English,No,Full-Time
269261,APPROVED,2023-02-20T17:00:20.597000Z,2023-02-20T17:08:49.332000Z,2023-02-20T17:30:13.550000,2023-02-20T17:08:49.695254Z,509,3092805E,389,33,Male,Asian,United Kingdom,United Kingdom,United Kingdom,English,No,Part-Time
269466,APPROVED,2023-02-21T08:27:36.756000Z,2023-02-21T08:39:37.622000Z,2023-02-21T08:43:43.435000,2023-02-21T08:39:38.018878Z,721,3092805E,447,39,Male,White,United Kingdom,United Kingdom,United Kingdom,English,No,Part-Time
269519,APPROVED,2023-02-21T11:51:42.426000Z,2023-02-21T12:03:10.327000Z,2023-02-21T12:11:21.427000,2023-02-21T12:03:10.705684Z,688,3092805E,615,30,Male,White,United Kingdom,United Kingdom,United Kingdom,English,No,Unemployed (and job seeking)
269524,APPROVED,2023-02-21T11:53:08.873000Z,2023-02-21T12:04:48.537000Z,2023-02-21T12:11:22.259000,2023-02-21T12:04:49.278017Z,700,3092805E,198,34,Male,White,United Kingdom,United Kingdom,United Kingdom,English,No,DATA_EXPIRED
270262,APPROVED,2023-02-22T08:38:31.658000Z,2023-02-22T08:58:23.014000Z,2023-02-22T10:05:04.227000,2023-02-22T08:58:23.425488Z,1192,3092805E,323,32,Female,White,United Kingdom,United Kingdom,United Kingdom,English,DATA_EXPIRED,DATA_EXPIRED
269302,APPROVED,2023-02-20T18:17:36.193000Z,2023-02-20T18:28:31.514000Z,2023-02-20T18:33:41.683000,2023-02-20T18:28:32.024510Z,656,3092805E,369,21,Male,White,United Kingdom,United Kingdom,United Kingdom,English,DATA_EXPIRED,DATA_EXPIRED
269538,APPROVED,2023-02-21T11:57:34.232000Z,2023-02-21T12:07:26.511000Z,2023-02-21T12:11:21.841000,2023-02-21T12:07:26.851546Z,593,3092805E,315,30,Male,Asian,United Kingdom,United Kingdom,United Kingdom,English,No,Full-Time
270362,APPROVED,2023-02-22T12:59:55.812000Z,2023-02-22T13:07:39.965000Z,2023-02-26T08:33:24.034000,2023-02-22T13:07:40.359546Z,465,3092805E,241,36,Male,White,United Kingdom,United Kingdom,United Kingdom,English,No,Full-Time
269807,APPROVED,2023-02-21T16:09:25.550000Z,2023-02-21T16:22:35.351000Z,2023-02-22T10:05:01.541000,2023-02-21T16:22:36.033348Z,790,3092805E,299,33,Male,White,United Kingdom,United Kingdom,United Kingdom,English,No,Part-Time
270214,APPROVED,2023-02-21T21:28:51.179000Z,2023-02-21T21:38:03.101000Z,2023-02-22T10:05:03.647000,2023-02-21T21:38:04.261233Z,552,3092805E,324,29,Male,White,United Kingdom,United Kingdom,United Kingdom,English,No,Full-Time
270565,APPROVED,2023-02-23T08:54:39.242000Z,2023-02-23T09:07:03.162000Z,2023-02-26T08:33:25.928000,2023-02-23T09:07:03.574658Z,744,3092805E,537,40,Male,White,United Kingdom,United Kingdom,United Kingdom,English,No,Full-Time
269849,APPROVED,2023-02-21T17:22:44.266000Z,2023-02-21T17:35:26.401000Z,2023-02-22T10:05:02.080000,2023-02-21T17:35:27.181644Z,763,3092805E,72,23,Female,Asian,United Kingdom,United Kingdom,United Kingdom,English,Yes,DATA_EXPIRED
269828,APPROVED,2023-02-21T16:52:37.620000Z,2023-02-21T17:00:59.727000Z,2023-02-22T10:05:01.718000,2023-02-21T17:01:00.404244Z,503,3092805E,343,29,Male,White,Australia,United Kingdom,Australia,English,DATA_EXPIRED,DATA_EXPIRED
269607,APPROVED,2023-02-21T13:59:41.121000Z,2023-02-21T14:10:06.119000Z,2023-02-22T10:04:59.537000,2023-02-21T14:10:06.490495Z,625,3092805E,168,32,Male,White,United Kingdom,United Kingdom,United Kingdom,English,No,Unemployed (and job seeking)
270420,APPROVED,2023-02-22T15:03:36.240000Z,2023-02-22T15:12:29.598000Z,2023-02-26T08:33:24.241000,2023-02-22T15:12:30.008059Z,534,3092805E,223,32,Male,White,United Kingdom,United Kingdom,United Kingdom,English,No,Full-Time
270083,APPROVED,2023-02-21T19:11:20.377000Z,2023-02-21T19:21:57.500000Z,2023-02-22T10:05:02.946000,2023-02-21T19:21:58.798380Z,638,3092805E,278,25,Female,White,United Kingdom,United Kingdom,United Kingdom,English,No,Full-Time
270279,APPROVED,2023-02-22T09:15:50.209000Z,2023-02-22T09:25:28.950000Z,2023-02-22T10:05:04.526000,2023-02-22T09:25:29.293032Z,579,3092805E,202,32,Female,Asian,United Kingdom,United Kingdom,United Kingdom,English,No,DATA_EXPIRED
269535,APPROVED,2023-02-21T11:56:21.882000Z,2023-02-21T12:08:14.796000Z,2023-02-21T12:11:23.116000,2023-02-21T12:08:15.219648Z,713,3092805E,346,39,Male,White,United Kingdom,United Kingdom,United Kingdom,English,No,Other
269473,APPROVED,2023-02-21T08:40:12.745000Z,2023-02-21T08:50:10.527000Z,2023-02-21T09:15:03.599000,2023-02-21T08:50:11.029937Z,598,3092805E,337,38,Female,White,United Kingdom,United Kingdom,United Kingdom,English,No,Part-Time
269522,APPROVED,2023-02-21T11:52:38.192000Z,2023-02-21T12:19:49.344000Z,2023-02-21T12:44:15.072000,2023-02-21T12:19:49.681835Z,1632,3092805E,197,21,Male,White,United Kingdom,United Kingdom,United Kingdom,English,Yes,Unemployed (and job seeking)
270302,APPROVED,2023-02-22T10:17:26.451000Z,2023-02-22T10:28:32.525000Z,2023-02-26T08:33:23.722000,2023-02-22T10:28:32.950520Z,667,3092805E,211,35,Male,White,United Kingdom,United Kingdom,United Kingdom,English,No,Unemployed (and job seeking)
269534,APPROVED,2023-02-21T11:56:02.073000Z,2023-02-21T12:10:40.982000Z,2023-02-21T12:11:22.684000,2023-02-21T12:10:41.536393Z,879,3092805E,267,35,Female,White,United Kingdom,United Kingdom,United Kingdom,English,No,Part-Time
269367,APPROVED,2023-02-20T19:47:00.400000Z,2023-02-20T19:58:00.453000Z,2023-02-21T07:10:30.459000,2023-02-20T19:58:00.781217Z,661,3092805E,276,31,Male,White,United Kingdom,United Kingdom,United Kingdom,English,No,Full-Time
270253,APPROVED,2023-02-22T06:38:51.607000Z,2023-02-22T06:54:37.977000Z,2023-02-22T10:05:03.740000,2023-02-22T06:54:38.316768Z,947,3092805E,267,32,Male,Other,DATA_EXPIRED,United Kingdom,France,English,No,Full-Time
269483,APPROVED,2023-02-21T08:48:39.675000Z,2023-02-21T08:58:19.727000Z,2023-02-21T09:15:04.144000,2023-02-21T08:58:20.201688Z,581,3092805E,232,23,Female,Asian,Hong Kong,United Kingdom,United Kingdom,English,No,Full-Time
270572,APPROVED,2023-02-23T09:21:44.673000Z,2023-02-23T09:39:16.860000Z,2023-02-26T08:33:26.031000,2023-02-23T09:39:17.613289Z,1053,3092805E,151,38,Male,Asian,Bahrain,United Kingdom,United Kingdom,English,No,Unemployed (and job seeking)
270431,APPROVED,2023-02-22T15:33:52.427000Z,2023-02-22T15:44:47.277000Z,2023-02-26T08:33:24.438000,2023-02-22T15:44:47.574190Z,655,3092805E,72,38,Male,White,United Kingdom,United Kingdom,United Kingdom,English,No,Full-Time
269435,APPROVED,2023-02-21T07:32:45.331000Z,2023-02-21T07:46:25.925000Z,2023-02-21T08:43:42.725000,2023-02-21T07:46:26.305973Z,821,3092805E,227,36,Male,White,United Kingdom,United Kingdom,United Kingdom,English,No,Full-Time
270393,APPROVED,2023-02-22T14:17:12.460000Z,2023-02-22T14:26:11.741000Z,2023-02-26T08:33:24.137000,2023-02-22T14:26:12.123416Z,540,3092805E,179,27,Male,White,United Kingdom,United Kingdom,United Kingdom,English,No,Full-Time
269562,APPROVED,2023-02-21T12:58:58.212000Z,2023-02-21T13:12:17.789000Z,2023-02-22T10:04:57.091000,2023-02-21T13:12:18.135931Z,800,3092805E,225,34,Male,White,United Kingdom,United Kingdom,United Kingdom,English,No,Full-Time
270495,APPROVED,2023-02-22T20:08:22.003000Z,2023-02-22T20:19:46.005000Z,2023-02-26T08:33:25.335000,2023-02-22T20:19:47.043665Z,685,3092805E,198,31,Female,White,United Kingdom,United Kingdom,United Kingdom,English,No,Full-Time
269864,APPROVED,2023-02-21T17:59:40.554000Z,2023-02-21T18:16:58.259000Z,2023-02-22T10:05:02.486000,2023-02-21T18:16:58.726965Z,1038,3092805E,300,26,Male,Mixed,United Kingdom,United Kingdom,United Kingdom,English,No,Full-Time
269819,APPROVED,2023-02-21T16:36:20.573000Z,2023-02-21T16:53:57.054000Z,2023-02-22T10:05:01.628000,2023-02-21T16:53:57.465877Z,1057,3092805E,214,27,Male,Black,Nigeria,United Kingdom,Nigeria,English,No,Full-Time
269530,APPROVED,2023-02-21T11:54:34.388000Z,2023-02-21T12:08:17.381000Z,2023-02-21T12:11:22.830000,2023-02-21T12:08:17.737545Z,823,3092805E,147,27,Male,Asian,India,United Kingdom,Portugal,English,DATA_EXPIRED,Full-Time
269585,APPROVED,2023-02-21T13:32:09.766000Z,2023-02-21T13:45:23.781000Z,2023-02-22T10:04:58.662000,2023-02-21T13:45:24.201842Z,795,3092805E,199,35,Male,White,United Kingdom,United Kingdom,United Kingdom,English,No,Full-Time
269525,APPROVED,2023-02-21T11:53:21.019000Z,2023-02-21T12:00:43.491000Z,2023-02-21T12:11:22.399000,2023-02-21T12:00:43.902938Z,443,3092805E,266,25,Male,Asian,India,United Kingdom,United Kingdom,English,No,Full-Time
270204,APPROVED,2023-02-21T21:09:04.810000Z,2023-02-21T21:19:22.317000Z,2023-02-22T10:05:03.255000,2023-02-21T21:19:23.081814Z,618,3092805E,73,20,Male,Asian,United Kingdom,United Kingdom,United Kingdom,English,Yes,DATA_EXPIRED
270600,APPROVED,2023-02-23T10:29:20.118000Z,2023-02-23T10:41:15.144000Z,2023-02-26T08:33:26.235000,2023-02-23T10:41:15.536317Z,716,3092805E,109,39,Female,White,United Kingdom,United Kingdom,United Kingdom,English,No,Full-Time
269580,APPROVED,2023-02-21T13:27:12.195000Z,2023-02-21T13:39:24.341000Z,2023-02-22T10:04:58.313000,2023-02-21T13:39:24.747061Z,733,3092805E,236,25,Male,White,United Kingdom,United Kingdom,United Kingdom,English,No,Unemployed (and job seeking)
269480,APPROVED,2023-02-21T08:43:17.639000Z,2023-02-21T08:55:01.161000Z,2023-02-21T09:15:03.923000,2023-02-21T08:55:01.496640Z,704,3092805E,217,30,Male,White,United Kingdom,United Kingdom,United Kingdom,English,No,DATA_EXPIRED
269690,APPROVED,2023-02-21T14:40:56.824000Z,2023-02-21T14:48:51.897000Z,2023-02-22T10:05:00.592000,2023-02-21T14:48:52.259388Z,476,3092805E,230,27,Female,White,United Kingdom,United Kingdom,United Kingdom,English,No,Full-Time
269769,APPROVED,2023-02-21T15:17:52.481000Z,2023-02-21T15:27:56.953000Z,2023-02-22T10:05:01.152000,2023-02-21T15:27:58.055918Z,605,3092805E,134,34,Male,White,United Kingdom,United Kingdom,United Kingdom,English,No,Unemployed (and job seeking)
269301,APPROVED,2023-02-20T18:17:29.488000Z,2023-02-20T18:26:49.088000Z,2023-02-20T18:33:41.563000,2023-02-20T18:27:22.099504Z,560,3092805E,259,34,Male,White,United Kingdom,United Kingdom,United Kingdom,English,No,Full-Time
270513,APPROVED,2023-02-22T22:15:10.929000Z,2023-02-22T22:26:12.820000Z,2023-02-26T08:33:25.726000,2023-02-22T22:26:13.233044Z,662,3092805E,41,29,Male,White,United Kingdom,United Kingdom,United Kingdom,English,No,"Not in paid work (e.g. homemaker', 'retired or disabled)"
269542,APPROVED,2023-02-21T12:14:27.782000Z,2023-02-21T12:25:09.648000Z,2023-02-21T12:44:15.272000,2023-02-21T12:25:10.183859Z,642,3092805E,258,26,Male,White,Jordan,United Kingdom,United Kingdom,English,No,Full-Time
269366,APPROVED,2023-02-20T19:46:49.297000Z,2023-02-20T20:06:03.174000Z,2023-02-21T07:10:30.333000,2023-02-20T20:06:03.600877Z,1154,3092805E,221,36,Male,Mixed,Saudi Arabia,United Kingdom,United Kingdom,English,No,Full-Time
269556,APPROVED,2023-02-21T12:48:18.990000Z,2023-02-21T13:28:40.194000Z,2023-02-22T10:04:56.917000,2023-02-21T13:28:40.511000Z,2422,3092805E,132,39,Female,White,United Kingdom,United Kingdom,United Kingdom,English,No,Part-Time
270258,APPROVED,2023-02-22T08:34:45.914000Z,2023-02-22T08:43:59.468000Z,2023-02-22T10:05:04.034000,2023-02-22T08:43:59.795369Z,554,3092805E,157,38,Male,White,United Kingdom,United Kingdom,United Kingdom,English,No,Full-Time
269426,APPROVED,2023-02-21T07:21:21.173000Z,2023-02-21T07:30:08.862000Z,2023-02-21T08:43:42.427000,2023-02-21T07:30:09.271430Z,528,3092805E,239,39,Male,White,United Kingdom,United Kingdom,United Kingdom,English,Yes,Full-Time
270359,APPROVED,2023-02-22T12:52:36.280000Z,2023-02-22T13:02:31.382000Z,2023-02-26T08:33:23.934000,2023-02-22T13:02:32.309822Z,596,3092805E,168,28,Male,White,United Kingdom,United Kingdom,United Kingdom,English,No,Full-Time
269569,APPROVED,2023-02-21T13:02:50.489000Z,2023-02-21T13:09:26.976000Z,2023-02-22T10:04:57.961000,2023-02-21T13:09:27.535674Z,397,3092805E,132,23,Male,White,United Kingdom,United Kingdom,United Kingdom,English,Yes,Unemployed (and job seeking)
270289,APPROVED,2023-02-22T09:46:33.837000Z,2023-02-22T09:56:35.837000Z,2023-02-22T10:05:04.811000,2023-02-22T09:56:36.227580Z,602,3092805E,125,31,Male,White,United Kingdom,United Kingdom,United Kingdom,English,No,Other
271365,APPROVED,2023-02-26T14:03:21.582000Z,2023-02-26T14:20:53.700000Z,2023-02-26T17:41:47.716000,2023-02-26T14:20:54.215838Z,1053,3092805,871,40,Female,White,United Kingdom,United Kingdom,United Kingdom,English,DATA_EXPIRED,DATA_EXPIRED
271388,APPROVED,2023-02-26T17:38:24.106000Z,2023-02-26T17:51:41.582000Z,2023-03-03T08:25:21.048000,2023-02-26T17:51:41.957480Z,798,3092805,448,25,Male,White,United Kingdom,United Kingdom,United Kingdom,English,No,Unemployed (and job seeking)
271389,APPROVED,2023-02-26T17:40:00.011000Z,2023-02-26T17:53:24.188000Z,2023-03-03T08:25:30.726000,2023-02-26T17:53:24.539505Z,805,3092805,1286,33,Female,Black,Nigeria,United Kingdom,Nigeria,English,No,Full-Time
271489,APPROVED,2023-02-27T09:02:16.802000Z,2023-02-27T09:11:45.560000Z,2023-03-03T08:25:43.049000,2023-02-27T09:11:45.878973Z,569,3092805,150,29,Male,Mixed,United Kingdom,United Kingdom,United Kingdom,English,Yes,Full-Time
271491,APPROVED,2023-02-27T09:46:35.954000Z,2023-02-27T09:57:28.784000Z,2023-03-03T08:25:51.788000,2023-02-27T09:57:29.209742Z,653,3092805,189,28,Male,White,United Kingdom,United Kingdom,United Kingdom,English,No,Full-Time
271531,APPROVED,2023-02-27T10:47:21.425000Z,2023-02-27T10:58:29.995000Z,2023-03-03T08:27:02.538000,2023-02-27T10:58:30.445712Z,669,3092805,725,31,Male,White,United Kingdom,United Kingdom,United Kingdom,English,No,Full-Time
271552,APPROVED,2023-02-27T13:19:03.607000Z,2023-02-27T13:27:11.575000Z,2023-03-03T08:27:10.391000,2023-02-27T13:27:11.987697Z,488,3092805,333,30,Female,White,United Kingdom,United Kingdom,United Kingdom,English,Yes,Part-Time
271640,APPROVED,2023-02-27T20:13:33.706000Z,2023-02-27T20:24:15.786000Z,2023-03-03T08:27:19.185000,2023-02-27T20:24:17.343579Z,643,3092805,1123,36,Female,White,United Kingdom,United Kingdom,United Kingdom,English,DATA_EXPIRED,DATA_EXPIRED
271641,APPROVED,2023-02-27T20:16:46.879000Z,2023-02-27T20:27:36.652000Z,2023-03-03T08:27:28.374000,2023-02-27T20:27:37.046656Z,650,3092805,879,24,Female,White,United Kingdom,United Kingdom,United Kingdom,English,Yes,Part-Time
271651,APPROVED,2023-02-27T21:14:06.274000Z,2023-02-27T21:24:41.276000Z,2023-03-03T08:29:01.484000,2023-02-27T21:24:41.685028Z,636,3092805,424,29,Female,White,United Kingdom,United Kingdom,United Kingdom,English,Yes,Part-Time
271702,APPROVED,2023-02-28T08:30:39.475000Z,2023-02-28T08:41:13.827000Z,2023-03-03T08:29:01.595000,2023-02-28T08:41:14.254409Z,635,3092805,103,28,Female,White,United Kingdom,United Kingdom,United Kingdom,English,No,Full-Time
272570,APPROVED,2023-03-01T11:31:19.374000Z,2023-03-01T11:40:06.722000Z,2023-03-03T08:28:19.519000,2023-03-01T11:40:07.103751Z,528,3092805,377,26,Female,White,United Kingdom,United Kingdom,United Kingdom,English,No,Full-Time
273267,APPROVED,2023-03-02T08:31:56.258000Z,2023-03-02T08:40:33.116000Z,2023-03-03T08:27:58.400000,2023-03-02T08:40:33.525511Z,517,3092805,178,34,Male,Asian,India,United Kingdom,India,English,Yes,Part-Time
